trial,method,split,payload_bytes,bits_per_sentence,margin,encoding_success,byte_exact,ber_accepted,wire_tokens,wire_bytes,recovered_message_bits,seconds,failure
0,outlier,test,1,1,0.0001,False,False,,,0,0,0.11057654302567244,"{'block': 0, 'reason': 'candidate_selection_failed'}"
0,matched,test,1,1,0.0001,False,False,,,0,0,0.10016972897574306,"{'block': 0, 'reason': 'candidate_selection_failed'}"
0,random,test,1,1,0.0001,False,False,,,0,0,0.09745667711831629,"{'block': 0, 'reason': 'candidate_selection_failed'}"
0,nearest,test,1,1,0.0001,False,False,,,0,0,0.09738982794806361,"{'block': 0, 'reason': 'candidate_selection_failed'}"
1,outlier,test,1,1,0.0001,False,False,,,0,0,0.09776013600639999,"{'block': 0, 'reason': 'candidate_selection_failed'}"
1,matched,test,1,1,0.0001,False,False,,,0,0,0.0967815110925585,"{'block': 0, 'reason': 'candidate_selection_failed'}"
1,random,test,1,1,0.0001,False,False,,,0,0,0.0972674482036382,"{'block': 0, 'reason': 'candidate_selection_failed'}"
1,nearest,test,1,1,0.0001,False,False,,,0,0,0.10338610806502402,"{'block': 0, 'reason': 'candidate_selection_failed'}"
2,outlier,test,1,1,0.0001,False,False,,,0,0,0.09876812295988202,"{'block': 0, 'reason': 'candidate_selection_failed'}"
2,matched,test,1,1,0.0001,False,False,,,0,0,0.09628926194272935,"{'block': 0, 'reason': 'candidate_selection_failed'}"
2,random,test,1,1,0.0001,False,False,,,0,0,0.09559641382656991,"{'block': 0, 'reason': 'candidate_selection_failed'}"
2,nearest,test,1,1,0.0001,False,False,,,0,0,0.09748894697986543,"{'block': 0, 'reason': 'candidate_selection_failed'}"
3,outlier,test,1,1,0.0001,False,False,,,0,0,0.10030861804261804,"{'block': 0, 'reason': 'candidate_selection_failed'}"
3,matched,test,1,1,0.0001,False,False,,,0,0,0.09624867211095989,"{'block': 0, 'reason': 'candidate_selection_failed'}"
3,random,test,1,1,0.0001,False,False,,,0,0,0.09609316196292639,"{'block': 0, 'reason': 'candidate_selection_failed'}"
3,nearest,test,1,1,0.0001,False,False,,,0,0,0.09840223495848477,"{'block': 0, 'reason': 'candidate_selection_failed'}"
4,outlier,test,1,1,0.0001,False,False,,,0,0,0.09765917691402137,"{'block': 0, 'reason': 'candidate_selection_failed'}"
4,matched,test,1,1,0.0001,False,False,,,0,0,0.09605287201702595,"{'block': 0, 'reason': 'candidate_selection_failed'}"
4,random,test,1,1,0.0001,False,False,,,0,0,0.09694277006201446,"{'block': 0, 'reason': 'candidate_selection_failed'}"
4,nearest,test,1,1,0.0001,False,False,,,0,0,0.09736662800423801,"{'block': 0, 'reason': 'candidate_selection_failed'}"
5,outlier,test,1,1,0.0001,False,False,,,0,0,0.09661991079337895,"{'block': 0, 'reason': 'candidate_selection_failed'}"
5,matched,test,1,1,0.0001,False,False,,,0,0,0.11504546809010208,"{'block': 0, 'reason': 'candidate_selection_failed'}"
5,random,test,1,1,0.0001,False,False,,,0,0,0.09803491597995162,"{'block': 0, 'reason': 'candidate_selection_failed'}"
5,nearest,test,1,1,0.0001,False,False,,,0,0,0.09520370489917696,"{'block': 0, 'reason': 'candidate_selection_failed'}"
6,outlier,test,1,1,0.0001,False,False,,,0,0,0.09738301811739802,"{'block': 0, 'reason': 'candidate_selection_failed'}"
6,matched,test,1,1,0.0001,False,False,,,0,0,0.09605198306962848,"{'block': 0, 'reason': 'candidate_selection_failed'}"
6,random,test,1,1,0.0001,False,False,,,0,0,0.0947871869429946,"{'block': 0, 'reason': 'candidate_selection_failed'}"
6,nearest,test,1,1,0.0001,False,False,,,0,0,0.0965754808858037,"{'block': 0, 'reason': 'candidate_selection_failed'}"
7,outlier,test,1,1,0.0001,False,False,,,0,0,0.09741592803038657,"{'block': 0, 'reason': 'candidate_selection_failed'}"
7,matched,test,1,1,0.0001,False,False,,,0,0,0.09691783902235329,"{'block': 0, 'reason': 'candidate_selection_failed'}"
7,random,test,1,1,0.0001,False,False,,,0,0,0.09585670405067503,"{'block': 0, 'reason': 'candidate_selection_failed'}"
7,nearest,test,1,1,0.0001,False,False,,,0,0,0.09677102998830378,"{'block': 0, 'reason': 'candidate_selection_failed'}"
8,outlier,test,1,1,0.0001,False,False,,,0,0,0.09703490906395018,"{'block': 0, 'reason': 'candidate_selection_failed'}"
8,matched,test,1,1,0.0001,False,False,,,0,0,0.09764401707798243,"{'block': 0, 'reason': 'candidate_selection_failed'}"
8,random,test,1,1,0.0001,False,False,,,0,0,0.09638735209591687,"{'block': 0, 'reason': 'candidate_selection_failed'}"
8,nearest,test,1,1,0.0001,False,False,,,0,0,0.09688547998666763,"{'block': 0, 'reason': 'candidate_selection_failed'}"
9,outlier,test,1,1,0.0001,False,False,,,0,0,0.09727463801391423,"{'block': 0, 'reason': 'candidate_selection_failed'}"
9,matched,test,1,1,0.0001,False,False,,,0,0,0.09785208688117564,"{'block': 0, 'reason': 'candidate_selection_failed'}"
9,random,test,1,1,0.0001,False,False,,,0,0,0.09639301104471087,"{'block': 0, 'reason': 'candidate_selection_failed'}"
9,nearest,test,1,1,0.0001,False,False,,,0,0,0.09716837899759412,"{'block': 0, 'reason': 'candidate_selection_failed'}"
10,outlier,test,1,1,0.0001,False,False,,,0,0,0.09596498310565948,"{'block': 0, 'reason': 'candidate_selection_failed'}"
10,matched,test,1,1,0.0001,False,False,,,0,0,0.0967810801230371,"{'block': 0, 'reason': 'candidate_selection_failed'}"
10,random,test,1,1,0.0001,False,False,,,0,0,0.09683675994165242,"{'block': 0, 'reason': 'candidate_selection_failed'}"
10,nearest,test,1,1,0.0001,False,False,,,0,0,0.09663237119093537,"{'block': 0, 'reason': 'candidate_selection_failed'}"
11,outlier,test,1,1,0.0001,False,False,,,0,0,0.09737728792242706,"{'block': 0, 'reason': 'candidate_selection_failed'}"
11,matched,test,1,1,0.0001,False,False,,,0,0,0.09682637010701,"{'block': 0, 'reason': 'candidate_selection_failed'}"
11,random,test,1,1,0.0001,False,False,,,0,0,0.09633084200322628,"{'block': 0, 'reason': 'candidate_selection_failed'}"
11,nearest,test,1,1,0.0001,False,False,,,0,0,0.09764361707493663,"{'block': 0, 'reason': 'candidate_selection_failed'}"
12,outlier,test,1,1,0.0001,False,False,,,0,0,0.096802799962461,"{'block': 0, 'reason': 'candidate_selection_failed'}"
12,matched,test,1,1,0.0001,False,False,,,0,0,0.10059804702177644,"{'block': 0, 'reason': 'candidate_selection_failed'}"
12,random,test,1,1,0.0001,False,False,,,0,0,0.09645063104107976,"{'block': 0, 'reason': 'candidate_selection_failed'}"
12,nearest,test,1,1,0.0001,False,False,,,0,0,0.09691385994665325,"{'block': 0, 'reason': 'candidate_selection_failed'}"
13,outlier,test,1,1,0.0001,False,False,,,0,0,0.09770962712354958,"{'block': 0, 'reason': 'candidate_selection_failed'}"
13,matched,test,1,1,0.0001,False,False,,,0,0,0.09931694180704653,"{'block': 0, 'reason': 'candidate_selection_failed'}"
13,random,test,1,1,0.0001,False,False,,,0,0,0.09772062697447836,"{'block': 0, 'reason': 'candidate_selection_failed'}"
13,nearest,test,1,1,0.0001,False,False,,,0,0,0.10027414816431701,"{'block': 0, 'reason': 'candidate_selection_failed'}"
14,outlier,test,1,1,0.0001,False,False,,,0,0,0.09634980093687773,"{'block': 0, 'reason': 'candidate_selection_failed'}"
14,matched,test,1,1,0.0001,False,False,,,0,0,0.09649233100935817,"{'block': 0, 'reason': 'candidate_selection_failed'}"
14,random,test,1,1,0.0001,False,False,,,0,0,0.09630598197691143,"{'block': 0, 'reason': 'candidate_selection_failed'}"
14,nearest,test,1,1,0.0001,False,False,,,0,0,0.0965201910585165,"{'block': 0, 'reason': 'candidate_selection_failed'}"
15,outlier,test,1,1,0.0001,False,False,,,0,0,0.09615977201610804,"{'block': 0, 'reason': 'candidate_selection_failed'}"
15,matched,test,1,1,0.0001,False,False,,,0,0,0.097137849079445,"{'block': 0, 'reason': 'candidate_selection_failed'}"
15,random,test,1,1,0.0001,False,False,,,0,0,0.096843880135566,"{'block': 0, 'reason': 'candidate_selection_failed'}"
15,nearest,test,1,1,0.0001,False,False,,,0,0,0.0968567100353539,"{'block': 0, 'reason': 'candidate_selection_failed'}"
16,outlier,test,1,1,0.0001,False,False,,,0,0,0.09670187998563051,"{'block': 0, 'reason': 'candidate_selection_failed'}"
16,matched,test,1,1,0.0001,False,False,,,0,0,0.09609949286095798,"{'block': 0, 'reason': 'candidate_selection_failed'}"
16,random,test,1,1,0.0001,False,False,,,0,0,0.09601790201850235,"{'block': 0, 'reason': 'candidate_selection_failed'}"
16,nearest,test,1,1,0.0001,False,False,,,0,0,0.096942950040102,"{'block': 0, 'reason': 'candidate_selection_failed'}"
17,outlier,test,1,1,0.0001,False,False,,,0,0,0.0990948521066457,"{'block': 0, 'reason': 'candidate_selection_failed'}"
17,matched,test,1,1,0.0001,False,False,,,0,0,0.0972238089889288,"{'block': 0, 'reason': 'candidate_selection_failed'}"
17,random,test,1,1,0.0001,False,False,,,0,0,0.09712003893218935,"{'block': 0, 'reason': 'candidate_selection_failed'}"
17,nearest,test,1,1,0.0001,False,False,,,0,0,0.09689029003493488,"{'block': 0, 'reason': 'candidate_selection_failed'}"
18,outlier,test,1,1,0.0001,False,False,,,0,0,0.09796558599919081,"{'block': 0, 'reason': 'candidate_selection_failed'}"
18,matched,test,1,1,0.0001,False,False,,,0,0,0.09782183589413762,"{'block': 0, 'reason': 'candidate_selection_failed'}"
18,random,test,1,1,0.0001,False,False,,,0,0,0.09670027089305222,"{'block': 0, 'reason': 'candidate_selection_failed'}"
18,nearest,test,1,1,0.0001,False,False,,,0,0,0.10034893802367151,"{'block': 0, 'reason': 'candidate_selection_failed'}"
19,outlier,test,1,1,0.0001,False,False,,,0,0,0.09732929803431034,"{'block': 0, 'reason': 'candidate_selection_failed'}"
19,matched,test,1,1,0.0001,False,False,,,0,0,0.09654834121465683,"{'block': 0, 'reason': 'candidate_selection_failed'}"
19,random,test,1,1,0.0001,False,False,,,0,0,0.09585055289790034,"{'block': 0, 'reason': 'candidate_selection_failed'}"
19,nearest,test,1,1,0.0001,False,False,,,0,0,0.0974019980058074,"{'block': 0, 'reason': 'candidate_selection_failed'}"
